Filename;Annotation tag;Upper left corner X;Upper left corner Y;Lower right corner X;Lower right corner Y;Occluded
LINEMOD\sugar\JPEGImages/0.jpg;LINEMOD\sugar;272;83;350;246;0
LINEMOD\sugar\JPEGImages/1.jpg;LINEMOD\sugar;273;83;350;246;0
LINEMOD\sugar\JPEGImages/2.jpg;LINEMOD\sugar;272;84;349;247;0
LINEMOD\sugar\JPEGImages/3.jpg;LINEMOD\sugar;272;84;349;248;0
LINEMOD\sugar\JPEGImages/4.jpg;LINEMOD\sugar;272;85;350;248;0
LINEMOD\sugar\JPEGImages/5.jpg;LINEMOD\sugar;272;85;349;248;0
LINEMOD\sugar\JPEGImages/6.jpg;LINEMOD\sugar;272;85;349;248;0
LINEMOD\sugar\JPEGImages/7.jpg;LINEMOD\sugar;272;85;350;248;0
LINEMOD\sugar\JPEGImages/8.jpg;LINEMOD\sugar;273;85;351;248;0
LINEMOD\sugar\JPEGImages/9.jpg;LINEMOD\sugar;275;85;353;248;0
LINEMOD\sugar\JPEGImages/10.jpg;LINEMOD\sugar;275;85;353;247;0
LINEMOD\sugar\JPEGImages/11.jpg;LINEMOD\sugar;276;84;354;247;0
LINEMOD\sugar\JPEGImages/12.jpg;LINEMOD\sugar;276;84;354;247;0
LINEMOD\sugar\JPEGImages/13.jpg;LINEMOD\sugar;274;84;352;246;0
LINEMOD\sugar\JPEGImages/14.jpg;LINEMOD\sugar;274;83;351;246;0
LINEMOD\sugar\JPEGImages/15.jpg;LINEMOD\sugar;273;83;350;246;0
LINEMOD\sugar\JPEGImages/16.jpg;LINEMOD\sugar;272;83;349;246;0
LINEMOD\sugar\JPEGImages/17.jpg;LINEMOD\sugar;272;83;348;247;0
LINEMOD\sugar\JPEGImages/18.jpg;LINEMOD\sugar;272;84;349;247;0
LINEMOD\sugar\JPEGImages/19.jpg;LINEMOD\sugar;274;85;351;248;0
LINEMOD\sugar\JPEGImages/20.jpg;LINEMOD\sugar;273;85;350;248;0
LINEMOD\sugar\JPEGImages/21.jpg;LINEMOD\sugar;273;85;350;248;0
LINEMOD\sugar\JPEGImages/22.jpg;LINEMOD\sugar;274;85;352;248;0
LINEMOD\sugar\JPEGImages/23.jpg;LINEMOD\sugar;274;85;352;247;0
LINEMOD\sugar\JPEGImages/24.jpg;LINEMOD\sugar;272;81;351;245;0
LINEMOD\sugar\JPEGImages/25.jpg;LINEMOD\sugar;272;80;350;244;0
LINEMOD\sugar\JPEGImages/26.jpg;LINEMOD\sugar;271;79;351;242;0
LINEMOD\sugar\JPEGImages/27.jpg;LINEMOD\sugar;270;76;351;241;0
LINEMOD\sugar\JPEGImages/28.jpg;LINEMOD\sugar;269;75;349;240;0
LINEMOD\sugar\JPEGImages/29.jpg;LINEMOD\sugar;269;75;349;239;0
LINEMOD\sugar\JPEGImages/30.jpg;LINEMOD\sugar;270;76;349;241;0
LINEMOD\sugar\JPEGImages/31.jpg;LINEMOD\sugar;270;77;349;241;0
LINEMOD\sugar\JPEGImages/32.jpg;LINEMOD\sugar;268;75;348;240;0
LINEMOD\sugar\JPEGImages/33.jpg;LINEMOD\sugar;264;74;343;240;0
LINEMOD\sugar\JPEGImages/34.jpg;LINEMOD\sugar;262;75;341;240;0
LINEMOD\sugar\JPEGImages/35.jpg;LINEMOD\sugar;261;75;340;240;0
LINEMOD\sugar\JPEGImages/36.jpg;LINEMOD\sugar;259;75;338;240;0
LINEMOD\sugar\JPEGImages/37.jpg;LINEMOD\sugar;258;75;337;241;0
LINEMOD\sugar\JPEGImages/38.jpg;LINEMOD\sugar;258;76;337;241;0
LINEMOD\sugar\JPEGImages/39.jpg;LINEMOD\sugar;258;75;337;241;0
LINEMOD\sugar\JPEGImages/40.jpg;LINEMOD\sugar;258;76;337;241;0
LINEMOD\sugar\JPEGImages/41.jpg;LINEMOD\sugar;259;76;338;242;0
LINEMOD\sugar\JPEGImages/42.jpg;LINEMOD\sugar;259;76;339;242;0
LINEMOD\sugar\JPEGImages/43.jpg;LINEMOD\sugar;259;77;339;242;0
LINEMOD\sugar\JPEGImages/44.jpg;LINEMOD\sugar;259;77;340;242;0
LINEMOD\sugar\JPEGImages/45.jpg;LINEMOD\sugar;258;78;339;243;0
LINEMOD\sugar\JPEGImages/46.jpg;LINEMOD\sugar;257;77;337;242;0
LINEMOD\sugar\JPEGImages/47.jpg;LINEMOD\sugar;256;76;337;241;0
LINEMOD\sugar\JPEGImages/48.jpg;LINEMOD\sugar;254;73;335;239;0
LINEMOD\sugar\JPEGImages/49.jpg;LINEMOD\sugar;255;73;335;239;0
LINEMOD\sugar\JPEGImages/50.jpg;LINEMOD\sugar;255;74;336;240;0
LINEMOD\sugar\JPEGImages/51.jpg;LINEMOD\sugar;254;74;335;240;0
LINEMOD\sugar\JPEGImages/52.jpg;LINEMOD\sugar;254;74;334;239;0
LINEMOD\sugar\JPEGImages/53.jpg;LINEMOD\sugar;253;72;334;238;0
LINEMOD\sugar\JPEGImages/54.jpg;LINEMOD\sugar;254;71;334;237;0
LINEMOD\sugar\JPEGImages/55.jpg;LINEMOD\sugar;253;71;334;237;0
LINEMOD\sugar\JPEGImages/56.jpg;LINEMOD\sugar;253;71;333;238;0
LINEMOD\sugar\JPEGImages/57.jpg;LINEMOD\sugar;253;73;333;238;0
LINEMOD\sugar\JPEGImages/58.jpg;LINEMOD\sugar;253;74;333;240;0
LINEMOD\sugar\JPEGImages/59.jpg;LINEMOD\sugar;253;76;334;241;0
LINEMOD\sugar\JPEGImages/60.jpg;LINEMOD\sugar;253;75;334;240;0
LINEMOD\sugar\JPEGImages/61.jpg;LINEMOD\sugar;253;75;334;240;0
LINEMOD\sugar\JPEGImages/62.jpg;LINEMOD\sugar;253;75;335;240;0
LINEMOD\sugar\JPEGImages/63.jpg;LINEMOD\sugar;253;75;335;240;0
LINEMOD\sugar\JPEGImages/64.jpg;LINEMOD\sugar;251;75;333;241;0
LINEMOD\sugar\JPEGImages/65.jpg;LINEMOD\sugar;250;77;332;242;0
LINEMOD\sugar\JPEGImages/66.jpg;LINEMOD\sugar;249;77;332;242;0
LINEMOD\sugar\JPEGImages/67.jpg;LINEMOD\sugar;247;78;331;243;0
LINEMOD\sugar\JPEGImages/68.jpg;LINEMOD\sugar;246;77;330;243;0
LINEMOD\sugar\JPEGImages/69.jpg;LINEMOD\sugar;245;77;329;242;0
LINEMOD\sugar\JPEGImages/70.jpg;LINEMOD\sugar;246;74;329;241;0
LINEMOD\sugar\JPEGImages/71.jpg;LINEMOD\sugar;247;74;331;240;0
LINEMOD\sugar\JPEGImages/72.jpg;LINEMOD\sugar;248;74;333;240;0
LINEMOD\sugar\JPEGImages/73.jpg;LINEMOD\sugar;249;74;334;240;0
LINEMOD\sugar\JPEGImages/74.jpg;LINEMOD\sugar;250;73;334;240;0
LINEMOD\sugar\JPEGImages/75.jpg;LINEMOD\sugar;252;73;337;240;0
LINEMOD\sugar\JPEGImages/76.jpg;LINEMOD\sugar;254;73;339;240;0
LINEMOD\sugar\JPEGImages/77.jpg;LINEMOD\sugar;255;74;340;240;0
LINEMOD\sugar\JPEGImages/78.jpg;LINEMOD\sugar;259;75;345;242;0
LINEMOD\sugar\JPEGImages/79.jpg;LINEMOD\sugar;261;77;348;243;0
LINEMOD\sugar\JPEGImages/80.jpg;LINEMOD\sugar;263;78;350;244;0
LINEMOD\sugar\JPEGImages/81.jpg;LINEMOD\sugar;266;80;354;246;0
LINEMOD\sugar\JPEGImages/82.jpg;LINEMOD\sugar;267;82;356;247;0
LINEMOD\sugar\JPEGImages/83.jpg;LINEMOD\sugar;269;83;359;248;0
LINEMOD\sugar\JPEGImages/84.jpg;LINEMOD\sugar;273;84;364;249;0
LINEMOD\sugar\JPEGImages/85.jpg;LINEMOD\sugar;274;85;365;249;0
LINEMOD\sugar\JPEGImages/86.jpg;LINEMOD\sugar;274;85;366;249;0
LINEMOD\sugar\JPEGImages/87.jpg;LINEMOD\sugar;276;85;369;250;0
LINEMOD\sugar\JPEGImages/88.jpg;LINEMOD\sugar;278;86;372;250;0
LINEMOD\sugar\JPEGImages/89.jpg;LINEMOD\sugar;281;85;377;249;0
LINEMOD\sugar\JPEGImages/90.jpg;LINEMOD\sugar;285;84;380;249;0
LINEMOD\sugar\JPEGImages/91.jpg;LINEMOD\sugar;285;83;381;248;0
LINEMOD\sugar\JPEGImages/92.jpg;LINEMOD\sugar;286;82;381;247;0
LINEMOD\sugar\JPEGImages/93.jpg;LINEMOD\sugar;286;81;382;247;0
LINEMOD\sugar\JPEGImages/94.jpg;LINEMOD\sugar;287;81;383;247;0
LINEMOD\sugar\JPEGImages/95.jpg;LINEMOD\sugar;288;82;384;247;0
LINEMOD\sugar\JPEGImages/96.jpg;LINEMOD\sugar;289;84;385;250;0
LINEMOD\sugar\JPEGImages/97.jpg;LINEMOD\sugar;289;86;384;252;0
LINEMOD\sugar\JPEGImages/98.jpg;LINEMOD\sugar;290;88;385;252;0
LINEMOD\sugar\JPEGImages/99.jpg;LINEMOD\sugar;290;88;385;253;0
LINEMOD\sugar\JPEGImages/100.jpg;LINEMOD\sugar;289;88;385;253;0
LINEMOD\sugar\JPEGImages/101.jpg;LINEMOD\sugar;289;89;385;253;0
LINEMOD\sugar\JPEGImages/102.jpg;LINEMOD\sugar;289;90;385;254;0
LINEMOD\sugar\JPEGImages/103.jpg;LINEMOD\sugar;291;94;390;257;0
LINEMOD\sugar\JPEGImages/104.jpg;LINEMOD\sugar;292;95;390;258;0
LINEMOD\sugar\JPEGImages/105.jpg;LINEMOD\sugar;291;95;390;258;0
LINEMOD\sugar\JPEGImages/106.jpg;LINEMOD\sugar;290;94;390;257;0
LINEMOD\sugar\JPEGImages/107.jpg;LINEMOD\sugar;290;95;391;258;0
LINEMOD\sugar\JPEGImages/108.jpg;LINEMOD\sugar;290;95;391;258;0
LINEMOD\sugar\JPEGImages/109.jpg;LINEMOD\sugar;290;95;390;258;0
LINEMOD\sugar\JPEGImages/110.jpg;LINEMOD\sugar;290;95;391;258;0
LINEMOD\sugar\JPEGImages/111.jpg;LINEMOD\sugar;291;94;392;257;0
LINEMOD\sugar\JPEGImages/112.jpg;LINEMOD\sugar;293;94;396;257;0
LINEMOD\sugar\JPEGImages/113.jpg;LINEMOD\sugar;295;94;397;257;0
LINEMOD\sugar\JPEGImages/114.jpg;LINEMOD\sugar;295;95;398;257;0
LINEMOD\sugar\JPEGImages/115.jpg;LINEMOD\sugar;295;95;398;258;0
LINEMOD\sugar\JPEGImages/116.jpg;LINEMOD\sugar;295;96;398;259;0
LINEMOD\sugar\JPEGImages/117.jpg;LINEMOD\sugar;297;94;400;257;0
LINEMOD\sugar\JPEGImages/118.jpg;LINEMOD\sugar;297;94;401;257;0
LINEMOD\sugar\JPEGImages/119.jpg;LINEMOD\sugar;299;93;403;256;0
LINEMOD\sugar\JPEGImages/120.jpg;LINEMOD\sugar;300;93;405;256;0
LINEMOD\sugar\JPEGImages/121.jpg;LINEMOD\sugar;301;93;406;256;0
LINEMOD\sugar\JPEGImages/122.jpg;LINEMOD\sugar;302;96;407;258;0
LINEMOD\sugar\JPEGImages/123.jpg;LINEMOD\sugar;303;96;408;259;0
LINEMOD\sugar\JPEGImages/124.jpg;LINEMOD\sugar;303;96;408;259;0
LINEMOD\sugar\JPEGImages/125.jpg;LINEMOD\sugar;303;97;409;260;0
LINEMOD\sugar\JPEGImages/126.jpg;LINEMOD\sugar;303;98;409;261;0
LINEMOD\sugar\JPEGImages/127.jpg;LINEMOD\sugar;303;99;409;262;0
LINEMOD\sugar\JPEGImages/128.jpg;LINEMOD\sugar;303;100;409;263;0
LINEMOD\sugar\JPEGImages/129.jpg;LINEMOD\sugar;303;100;408;263;0
LINEMOD\sugar\JPEGImages/130.jpg;LINEMOD\sugar;303;101;407;263;0
LINEMOD\sugar\JPEGImages/131.jpg;LINEMOD\sugar;301;100;406;263;0
LINEMOD\sugar\JPEGImages/132.jpg;LINEMOD\sugar;301;99;406;262;0
LINEMOD\sugar\JPEGImages/133.jpg;LINEMOD\sugar;301;99;405;262;0
LINEMOD\sugar\JPEGImages/134.jpg;LINEMOD\sugar;302;99;407;262;0
LINEMOD\sugar\JPEGImages/135.jpg;LINEMOD\sugar;303;100;408;263;0
LINEMOD\sugar\JPEGImages/136.jpg;LINEMOD\sugar;306;101;412;264;0
LINEMOD\sugar\JPEGImages/137.jpg;LINEMOD\sugar;307;101;414;264;0
LINEMOD\sugar\JPEGImages/138.jpg;LINEMOD\sugar;307;100;413;264;0
LINEMOD\sugar\JPEGImages/139.jpg;LINEMOD\sugar;308;98;415;262;0
LINEMOD\sugar\JPEGImages/140.jpg;LINEMOD\sugar;309;97;416;262;0
LINEMOD\sugar\JPEGImages/141.jpg;LINEMOD\sugar;310;97;419;262;0
LINEMOD\sugar\JPEGImages/142.jpg;LINEMOD\sugar;310;95;419;260;0
LINEMOD\sugar\JPEGImages/143.jpg;LINEMOD\sugar;310;93;419;259;0
LINEMOD\sugar\JPEGImages/144.jpg;LINEMOD\sugar;311;91;420;258;0
LINEMOD\sugar\JPEGImages/145.jpg;LINEMOD\sugar;312;91;420;258;0
LINEMOD\sugar\JPEGImages/146.jpg;LINEMOD\sugar;312;91;422;259;0
LINEMOD\sugar\JPEGImages/147.jpg;LINEMOD\sugar;312;93;421;260;0
LINEMOD\sugar\JPEGImages/148.jpg;LINEMOD\sugar;313;95;423;262;0
LINEMOD\sugar\JPEGImages/149.jpg;LINEMOD\sugar;319;98;428;264;0
LINEMOD\sugar\JPEGImages/150.jpg;LINEMOD\sugar;321;101;431;266;0
LINEMOD\sugar\JPEGImages/151.jpg;LINEMOD\sugar;321;104;431;268;0
LINEMOD\sugar\JPEGImages/152.jpg;LINEMOD\sugar;322;111;432;274;0
LINEMOD\sugar\JPEGImages/153.jpg;LINEMOD\sugar;324;112;434;275;0
LINEMOD\sugar\JPEGImages/154.jpg;LINEMOD\sugar;324;113;436;275;0
LINEMOD\sugar\JPEGImages/155.jpg;LINEMOD\sugar;323;113;434;276;0
LINEMOD\sugar\JPEGImages/156.jpg;LINEMOD\sugar;320;114;429;277;0
LINEMOD\sugar\JPEGImages/157.jpg;LINEMOD\sugar;318;119;427;280;0
LINEMOD\sugar\JPEGImages/158.jpg;LINEMOD\sugar;316;119;426;280;0
LINEMOD\sugar\JPEGImages/159.jpg;LINEMOD\sugar;314;119;422;279;0
LINEMOD\sugar\JPEGImages/160.jpg;LINEMOD\sugar;312;119;419;279;0
LINEMOD\sugar\JPEGImages/161.jpg;LINEMOD\sugar;310;121;418;281;0
LINEMOD\sugar\JPEGImages/162.jpg;LINEMOD\sugar;306;123;413;282;0
LINEMOD\sugar\JPEGImages/163.jpg;LINEMOD\sugar;304;122;410;282;0
LINEMOD\sugar\JPEGImages/164.jpg;LINEMOD\sugar;302;121;408;280;0
LINEMOD\sugar\JPEGImages/165.jpg;LINEMOD\sugar;300;119;405;279;0
LINEMOD\sugar\JPEGImages/166.jpg;LINEMOD\sugar;300;118;406;279;0
LINEMOD\sugar\JPEGImages/167.jpg;LINEMOD\sugar;301;117;407;279;0
LINEMOD\sugar\JPEGImages/168.jpg;LINEMOD\sugar;302;116;408;278;0
LINEMOD\sugar\JPEGImages/169.jpg;LINEMOD\sugar;302;114;407;277;0
LINEMOD\sugar\JPEGImages/170.jpg;LINEMOD\sugar;304;112;410;275;0
LINEMOD\sugar\JPEGImages/171.jpg;LINEMOD\sugar;305;111;411;274;0
LINEMOD\sugar\JPEGImages/172.jpg;LINEMOD\sugar;305;108;411;272;0
LINEMOD\sugar\JPEGImages/173.jpg;LINEMOD\sugar;306;104;412;269;0
LINEMOD\sugar\JPEGImages/174.jpg;LINEMOD\sugar;306;103;411;267;0
LINEMOD\sugar\JPEGImages/175.jpg;LINEMOD\sugar;309;100;415;265;0
LINEMOD\sugar\JPEGImages/176.jpg;LINEMOD\sugar;311;99;417;263;0
LINEMOD\sugar\JPEGImages/177.jpg;LINEMOD\sugar;313;99;419;262;0
LINEMOD\sugar\JPEGImages/178.jpg;LINEMOD\sugar;314;97;421;261;0
LINEMOD\sugar\JPEGImages/179.jpg;LINEMOD\sugar;313;96;419;260;0
LINEMOD\sugar\JPEGImages/180.jpg;LINEMOD\sugar;313;95;419;259;0
LINEMOD\sugar\JPEGImages/181.jpg;LINEMOD\sugar;315;94;421;258;0
LINEMOD\sugar\JPEGImages/182.jpg;LINEMOD\sugar;316;95;422;258;0
LINEMOD\sugar\JPEGImages/183.jpg;LINEMOD\sugar;317;94;423;258;0
LINEMOD\sugar\JPEGImages/184.jpg;LINEMOD\sugar;319;94;426;258;0
LINEMOD\sugar\JPEGImages/185.jpg;LINEMOD\sugar;320;94;427;258;0
LINEMOD\sugar\JPEGImages/186.jpg;LINEMOD\sugar;321;93;428;257;0
LINEMOD\sugar\JPEGImages/187.jpg;LINEMOD\sugar;323;91;431;255;0
LINEMOD\sugar\JPEGImages/188.jpg;LINEMOD\sugar;323;90;431;255;0
LINEMOD\sugar\JPEGImages/189.jpg;LINEMOD\sugar;324;90;432;255;0
LINEMOD\sugar\JPEGImages/190.jpg;LINEMOD\sugar;325;90;434;255;0
LINEMOD\sugar\JPEGImages/191.jpg;LINEMOD\sugar;326;91;434;255;0
LINEMOD\sugar\JPEGImages/192.jpg;LINEMOD\sugar;325;90;433;255;0
LINEMOD\sugar\JPEGImages/193.jpg;LINEMOD\sugar;325;89;433;253;0
LINEMOD\sugar\JPEGImages/194.jpg;LINEMOD\sugar;326;91;434;254;0
LINEMOD\sugar\JPEGImages/195.jpg;LINEMOD\sugar;327;92;436;255;0
LINEMOD\sugar\JPEGImages/196.jpg;LINEMOD\sugar;328;93;437;255;0
LINEMOD\sugar\JPEGImages/197.jpg;LINEMOD\sugar;325;92;434;255;0
LINEMOD\sugar\JPEGImages/198.jpg;LINEMOD\sugar;325;92;434;254;0
LINEMOD\sugar\JPEGImages/199.jpg;LINEMOD\sugar;325;90;433;252;0
LINEMOD\sugar\JPEGImages/200.jpg;LINEMOD\sugar;323;88;430;251;0
LINEMOD\sugar\JPEGImages/201.jpg;LINEMOD\sugar;322;89;428;250;0
LINEMOD\sugar\JPEGImages/202.jpg;LINEMOD\sugar;324;89;430;250;0
LINEMOD\sugar\JPEGImages/203.jpg;LINEMOD\sugar;326;89;432;250;0
LINEMOD\sugar\JPEGImages/204.jpg;LINEMOD\sugar;326;90;432;250;0
LINEMOD\sugar\JPEGImages/205.jpg;LINEMOD\sugar;326;90;432;250;0
LINEMOD\sugar\JPEGImages/206.jpg;LINEMOD\sugar;326;89;432;249;0
LINEMOD\sugar\JPEGImages/207.jpg;LINEMOD\sugar;325;89;432;249;0
LINEMOD\sugar\JPEGImages/208.jpg;LINEMOD\sugar;322;92;427;252;0
LINEMOD\sugar\JPEGImages/209.jpg;LINEMOD\sugar;322;94;426;253;0
LINEMOD\sugar\JPEGImages/210.jpg;LINEMOD\sugar;322;96;427;255;0
LINEMOD\sugar\JPEGImages/211.jpg;LINEMOD\sugar;323;99;430;257;0
LINEMOD\sugar\JPEGImages/212.jpg;LINEMOD\sugar;324;100;431;259;0
LINEMOD\sugar\JPEGImages/213.jpg;LINEMOD\sugar;324;102;431;260;0
LINEMOD\sugar\JPEGImages/214.jpg;LINEMOD\sugar;325;103;432;261;0
LINEMOD\sugar\JPEGImages/215.jpg;LINEMOD\sugar;326;104;433;262;0
LINEMOD\sugar\JPEGImages/216.jpg;LINEMOD\sugar;326;104;433;262;0
LINEMOD\sugar\JPEGImages/217.jpg;LINEMOD\sugar;327;102;433;260;0
LINEMOD\sugar\JPEGImages/218.jpg;LINEMOD\sugar;328;102;435;259;0
LINEMOD\sugar\JPEGImages/219.jpg;LINEMOD\sugar;328;101;435;258;0
LINEMOD\sugar\JPEGImages/220.jpg;LINEMOD\sugar;327;99;433;257;0
LINEMOD\sugar\JPEGImages/221.jpg;LINEMOD\sugar;324;94;429;253;0
LINEMOD\sugar\JPEGImages/222.jpg;LINEMOD\sugar;324;93;429;252;0
LINEMOD\sugar\JPEGImages/223.jpg;LINEMOD\sugar;324;93;429;251;0
LINEMOD\sugar\JPEGImages/224.jpg;LINEMOD\sugar;320;93;424;252;0
LINEMOD\sugar\JPEGImages/225.jpg;LINEMOD\sugar;318;93;421;252;0
LINEMOD\sugar\JPEGImages/226.jpg;LINEMOD\sugar;315;94;418;252;0
LINEMOD\sugar\JPEGImages/227.jpg;LINEMOD\sugar;312;94;415;253;0
LINEMOD\sugar\JPEGImages/228.jpg;LINEMOD\sugar;311;95;413;253;0
LINEMOD\sugar\JPEGImages/229.jpg;LINEMOD\sugar;310;96;413;254;0
LINEMOD\sugar\JPEGImages/230.jpg;LINEMOD\sugar;308;97;410;256;0
LINEMOD\sugar\JPEGImages/231.jpg;LINEMOD\sugar;307;98;409;256;0
LINEMOD\sugar\JPEGImages/232.jpg;LINEMOD\sugar;307;99;409;257;0
LINEMOD\sugar\JPEGImages/233.jpg;LINEMOD\sugar;307;99;409;258;0
LINEMOD\sugar\JPEGImages/234.jpg;LINEMOD\sugar;305;99;408;258;0
LINEMOD\sugar\JPEGImages/235.jpg;LINEMOD\sugar;305;98;407;258;0
LINEMOD\sugar\JPEGImages/236.jpg;LINEMOD\sugar;303;99;406;258;0
LINEMOD\sugar\JPEGImages/237.jpg;LINEMOD\sugar;302;100;405;259;0
LINEMOD\sugar\JPEGImages/238.jpg;LINEMOD\sugar;302;99;405;260;0
LINEMOD\sugar\JPEGImages/239.jpg;LINEMOD\sugar;301;97;404;258;0
LINEMOD\sugar\JPEGImages/240.jpg;LINEMOD\sugar;301;95;403;257;0
LINEMOD\sugar\JPEGImages/241.jpg;LINEMOD\sugar;301;96;404;257;0
LINEMOD\sugar\JPEGImages/242.jpg;LINEMOD\sugar;301;97;404;259;0
LINEMOD\sugar\JPEGImages/243.jpg;LINEMOD\sugar;302;99;405;261;0
LINEMOD\sugar\JPEGImages/244.jpg;LINEMOD\sugar;303;102;406;265;0
LINEMOD\sugar\JPEGImages/245.jpg;LINEMOD\sugar;303;103;406;266;0
LINEMOD\sugar\JPEGImages/246.jpg;LINEMOD\sugar;303;104;405;266;0
LINEMOD\sugar\JPEGImages/247.jpg;LINEMOD\sugar;304;105;406;267;0
LINEMOD\sugar\JPEGImages/248.jpg;LINEMOD\sugar;306;105;408;267;0
LINEMOD\sugar\JPEGImages/249.jpg;LINEMOD\sugar;307;107;409;269;0
LINEMOD\sugar\JPEGImages/250.jpg;LINEMOD\sugar;310;107;414;269;0
LINEMOD\sugar\JPEGImages/251.jpg;LINEMOD\sugar;313;105;418;268;0
LINEMOD\sugar\JPEGImages/252.jpg;LINEMOD\sugar;314;102;419;265;0
LINEMOD\sugar\JPEGImages/253.jpg;LINEMOD\sugar;315;100;420;265;0
LINEMOD\sugar\JPEGImages/254.jpg;LINEMOD\sugar;316;100;422;264;0
LINEMOD\sugar\JPEGImages/255.jpg;LINEMOD\sugar;317;101;423;265;0
LINEMOD\sugar\JPEGImages/256.jpg;LINEMOD\sugar;319;103;425;266;0
LINEMOD\sugar\JPEGImages/257.jpg;LINEMOD\sugar;319;103;426;266;0
LINEMOD\sugar\JPEGImages/258.jpg;LINEMOD\sugar;320;104;426;268;0
LINEMOD\sugar\JPEGImages/259.jpg;LINEMOD\sugar;319;107;426;269;0
LINEMOD\sugar\JPEGImages/260.jpg;LINEMOD\sugar;319;107;426;270;0
LINEMOD\sugar\JPEGImages/261.jpg;LINEMOD\sugar;319;108;425;271;0
LINEMOD\sugar\JPEGImages/262.jpg;LINEMOD\sugar;320;108;427;271;0
LINEMOD\sugar\JPEGImages/263.jpg;LINEMOD\sugar;321;109;429;272;0
LINEMOD\sugar\JPEGImages/264.jpg;LINEMOD\sugar;322;111;430;274;0
LINEMOD\sugar\JPEGImages/265.jpg;LINEMOD\sugar;323;112;431;275;0
LINEMOD\sugar\JPEGImages/266.jpg;LINEMOD\sugar;324;113;432;276;0
LINEMOD\sugar\JPEGImages/267.jpg;LINEMOD\sugar;326;113;435;276;0
LINEMOD\sugar\JPEGImages/268.jpg;LINEMOD\sugar;326;113;435;276;0
LINEMOD\sugar\JPEGImages/269.jpg;LINEMOD\sugar;326;113;435;276;0
LINEMOD\sugar\JPEGImages/270.jpg;LINEMOD\sugar;326;113;434;277;0
LINEMOD\sugar\JPEGImages/271.jpg;LINEMOD\sugar;327;114;435;277;0
LINEMOD\sugar\JPEGImages/272.jpg;LINEMOD\sugar;329;115;437;278;0
LINEMOD\sugar\JPEGImages/273.jpg;LINEMOD\sugar;331;116;440;278;0
LINEMOD\sugar\JPEGImages/274.jpg;LINEMOD\sugar;331;116;439;278;0
LINEMOD\sugar\JPEGImages/275.jpg;LINEMOD\sugar;332;115;440;278;0
LINEMOD\sugar\JPEGImages/276.jpg;LINEMOD\sugar;333;116;441;279;0
LINEMOD\sugar\JPEGImages/277.jpg;LINEMOD\sugar;335;117;443;279;0
LINEMOD\sugar\JPEGImages/278.jpg;LINEMOD\sugar;336;117;444;279;0
LINEMOD\sugar\JPEGImages/279.jpg;LINEMOD\sugar;336;117;445;279;0
LINEMOD\sugar\JPEGImages/280.jpg;LINEMOD\sugar;339;117;448;278;0
LINEMOD\sugar\JPEGImages/281.jpg;LINEMOD\sugar;341;116;450;277;0
LINEMOD\sugar\JPEGImages/282.jpg;LINEMOD\sugar;341;115;450;277;0
LINEMOD\sugar\JPEGImages/283.jpg;LINEMOD\sugar;343;116;453;277;0
LINEMOD\sugar\JPEGImages/284.jpg;LINEMOD\sugar;344;117;455;277;0
LINEMOD\sugar\JPEGImages/285.jpg;LINEMOD\sugar;345;118;455;278;0
LINEMOD\sugar\JPEGImages/286.jpg;LINEMOD\sugar;346;120;456;280;0
LINEMOD\sugar\JPEGImages/287.jpg;LINEMOD\sugar;347;121;459;280;0
LINEMOD\sugar\JPEGImages/288.jpg;LINEMOD\sugar;348;122;460;281;0
LINEMOD\sugar\JPEGImages/289.jpg;LINEMOD\sugar;350;123;460;281;0
LINEMOD\sugar\JPEGImages/290.jpg;LINEMOD\sugar;350;122;460;280;0
LINEMOD\sugar\JPEGImages/291.jpg;LINEMOD\sugar;350;123;461;280;0
LINEMOD\sugar\JPEGImages/292.jpg;LINEMOD\sugar;352;121;463;277;0
LINEMOD\sugar\JPEGImages/293.jpg;LINEMOD\sugar;352;120;463;277;0
LINEMOD\sugar\JPEGImages/294.jpg;LINEMOD\sugar;351;119;462;276;0
LINEMOD\sugar\JPEGImages/295.jpg;LINEMOD\sugar;350;117;461;275;0
LINEMOD\sugar\JPEGImages/296.jpg;LINEMOD\sugar;349;116;459;274;0
LINEMOD\sugar\JPEGImages/297.jpg;LINEMOD\sugar;349;114;460;272;0
LINEMOD\sugar\JPEGImages/298.jpg;LINEMOD\sugar;348;113;459;271;0
LINEMOD\sugar\JPEGImages/299.jpg;LINEMOD\sugar;347;113;458;271;0
LINEMOD\sugar\JPEGImages/300.jpg;LINEMOD\sugar;346;113;457;271;0
LINEMOD\sugar\JPEGImages/301.jpg;LINEMOD\sugar;345;114;455;273;0
LINEMOD\sugar\JPEGImages/302.jpg;LINEMOD\sugar;344;119;454;277;0
LINEMOD\sugar\JPEGImages/303.jpg;LINEMOD\sugar;343;122;453;279;0
LINEMOD\sugar\JPEGImages/304.jpg;LINEMOD\sugar;341;124;449;281;0
LINEMOD\sugar\JPEGImages/305.jpg;LINEMOD\sugar;335;124;442;280;0
LINEMOD\sugar\JPEGImages/306.jpg;LINEMOD\sugar;333;124;440;281;0
LINEMOD\sugar\JPEGImages/307.jpg;LINEMOD\sugar;331;122;439;279;0
LINEMOD\sugar\JPEGImages/308.jpg;LINEMOD\sugar;331;121;438;278;0
LINEMOD\sugar\JPEGImages/309.jpg;LINEMOD\sugar;329;118;437;276;0
LINEMOD\sugar\JPEGImages/310.jpg;LINEMOD\sugar;328;117;435;275;0
LINEMOD\sugar\JPEGImages/311.jpg;LINEMOD\sugar;325;117;432;275;0
LINEMOD\sugar\JPEGImages/312.jpg;LINEMOD\sugar;323;118;428;277;0
LINEMOD\sugar\JPEGImages/313.jpg;LINEMOD\sugar;323;119;429;277;0
LINEMOD\sugar\JPEGImages/314.jpg;LINEMOD\sugar;325;120;430;277;0
LINEMOD\sugar\JPEGImages/315.jpg;LINEMOD\sugar;326;118;432;277;0
LINEMOD\sugar\JPEGImages/316.jpg;LINEMOD\sugar;326;121;432;279;0
LINEMOD\sugar\JPEGImages/317.jpg;LINEMOD\sugar;327;123;433;281;0
LINEMOD\sugar\JPEGImages/318.jpg;LINEMOD\sugar;326;127;432;285;0
LINEMOD\sugar\JPEGImages/319.jpg;LINEMOD\sugar;326;127;432;285;0
LINEMOD\sugar\JPEGImages/320.jpg;LINEMOD\sugar;326;127;431;285;0
LINEMOD\sugar\JPEGImages/321.jpg;LINEMOD\sugar;325;128;430;286;0
LINEMOD\sugar\JPEGImages/322.jpg;LINEMOD\sugar;324;129;429;287;0
LINEMOD\sugar\JPEGImages/323.jpg;LINEMOD\sugar;326;125;430;283;0
LINEMOD\sugar\JPEGImages/324.jpg;LINEMOD\sugar;325;123;428;282;0
LINEMOD\sugar\JPEGImages/325.jpg;LINEMOD\sugar;322;124;422;283;0
LINEMOD\sugar\JPEGImages/326.jpg;LINEMOD\sugar;323;125;424;283;0
LINEMOD\sugar\JPEGImages/327.jpg;LINEMOD\sugar;323;126;424;284;0
LINEMOD\sugar\JPEGImages/328.jpg;LINEMOD\sugar;322;127;422;285;0
LINEMOD\sugar\JPEGImages/329.jpg;LINEMOD\sugar;323;126;423;284;0
LINEMOD\sugar\JPEGImages/330.jpg;LINEMOD\sugar;323;126;422;284;0
LINEMOD\sugar\JPEGImages/331.jpg;LINEMOD\sugar;324;127;424;284;0
LINEMOD\sugar\JPEGImages/332.jpg;LINEMOD\sugar;326;127;426;285;0
LINEMOD\sugar\JPEGImages/333.jpg;LINEMOD\sugar;327;127;427;284;0
LINEMOD\sugar\JPEGImages/334.jpg;LINEMOD\sugar;327;127;427;285;0
LINEMOD\sugar\JPEGImages/335.jpg;LINEMOD\sugar;329;127;428;285;0
LINEMOD\sugar\JPEGImages/336.jpg;LINEMOD\sugar;330;127;430;285;0
LINEMOD\sugar\JPEGImages/337.jpg;LINEMOD\sugar;331;126;431;285;0
LINEMOD\sugar\JPEGImages/338.jpg;LINEMOD\sugar;331;126;432;285;0
LINEMOD\sugar\JPEGImages/339.jpg;LINEMOD\sugar;331;126;432;285;0
LINEMOD\sugar\JPEGImages/340.jpg;LINEMOD\sugar;332;126;432;286;0
LINEMOD\sugar\JPEGImages/341.jpg;LINEMOD\sugar;332;126;432;286;0
LINEMOD\sugar\JPEGImages/342.jpg;LINEMOD\sugar;332;127;433;287;0
LINEMOD\sugar\JPEGImages/343.jpg;LINEMOD\sugar;332;128;433;287;0
LINEMOD\sugar\JPEGImages/344.jpg;LINEMOD\sugar;332;127;433;287;0
LINEMOD\sugar\JPEGImages/345.jpg;LINEMOD\sugar;333;127;434;286;0
LINEMOD\sugar\JPEGImages/346.jpg;LINEMOD\sugar;334;127;436;286;0
LINEMOD\sugar\JPEGImages/347.jpg;LINEMOD\sugar;336;128;437;287;0
LINEMOD\sugar\JPEGImages/348.jpg;LINEMOD\sugar;337;128;439;287;0
LINEMOD\sugar\JPEGImages/349.jpg;LINEMOD\sugar;338;128;441;288;0
LINEMOD\sugar\JPEGImages/350.jpg;LINEMOD\sugar;338;128;441;287;0
LINEMOD\sugar\JPEGImages/351.jpg;LINEMOD\sugar;338;128;440;287;0
LINEMOD\sugar\JPEGImages/352.jpg;LINEMOD\sugar;338;128;441;287;0
LINEMOD\sugar\JPEGImages/353.jpg;LINEMOD\sugar;338;127;440;286;0
LINEMOD\sugar\JPEGImages/354.jpg;LINEMOD\sugar;337;127;439;286;0
LINEMOD\sugar\JPEGImages/355.jpg;LINEMOD\sugar;336;128;438;286;0
LINEMOD\sugar\JPEGImages/356.jpg;LINEMOD\sugar;337;129;439;287;0
LINEMOD\sugar\JPEGImages/357.jpg;LINEMOD\sugar;336;129;439;286;0
LINEMOD\sugar\JPEGImages/358.jpg;LINEMOD\sugar;334;130;435;287;0
LINEMOD\sugar\JPEGImages/359.jpg;LINEMOD\sugar;334;131;434;287;0
LINEMOD\sugar\JPEGImages/360.jpg;LINEMOD\sugar;332;130;432;287;0
LINEMOD\sugar\JPEGImages/361.jpg;LINEMOD\sugar;328;129;426;284;0
LINEMOD\sugar\JPEGImages/362.jpg;LINEMOD\sugar;326;127;424;283;0
LINEMOD\sugar\JPEGImages/363.jpg;LINEMOD\sugar;326;125;423;281;0
LINEMOD\sugar\JPEGImages/364.jpg;LINEMOD\sugar;323;119;420;275;0
LINEMOD\sugar\JPEGImages/365.jpg;LINEMOD\sugar;323;116;419;273;0
LINEMOD\sugar\JPEGImages/366.jpg;LINEMOD\sugar;322;113;419;270;0
LINEMOD\sugar\JPEGImages/367.jpg;LINEMOD\sugar;323;112;420;269;0
LINEMOD\sugar\JPEGImages/368.jpg;LINEMOD\sugar;322;111;418;269;0
LINEMOD\sugar\JPEGImages/369.jpg;LINEMOD\sugar;319;109;413;267;0
LINEMOD\sugar\JPEGImages/370.jpg;LINEMOD\sugar;319;109;414;267;0
LINEMOD\sugar\JPEGImages/371.jpg;LINEMOD\sugar;319;109;413;267;0
LINEMOD\sugar\JPEGImages/372.jpg;LINEMOD\sugar;317;108;411;266;0
LINEMOD\sugar\JPEGImages/373.jpg;LINEMOD\sugar;316;107;410;266;0
LINEMOD\sugar\JPEGImages/374.jpg;LINEMOD\sugar;315;105;408;265;0
LINEMOD\sugar\JPEGImages/375.jpg;LINEMOD\sugar;312;106;405;265;0
LINEMOD\sugar\JPEGImages/376.jpg;LINEMOD\sugar;311;105;404;264;0
LINEMOD\sugar\JPEGImages/377.jpg;LINEMOD\sugar;310;105;402;263;0
LINEMOD\sugar\JPEGImages/378.jpg;LINEMOD\sugar;306;102;396;262;0
LINEMOD\sugar\JPEGImages/379.jpg;LINEMOD\sugar;302;101;391;260;0
LINEMOD\sugar\JPEGImages/380.jpg;LINEMOD\sugar;301;100;391;260;0
LINEMOD\sugar\JPEGImages/381.jpg;LINEMOD\sugar;299;101;388;261;0
LINEMOD\sugar\JPEGImages/382.jpg;LINEMOD\sugar;296;103;383;263;0
LINEMOD\sugar\JPEGImages/383.jpg;LINEMOD\sugar;294;105;381;263;0
LINEMOD\sugar\JPEGImages/384.jpg;LINEMOD\sugar;293;105;379;263;0
LINEMOD\sugar\JPEGImages/385.jpg;LINEMOD\sugar;286;102;372;261;0
LINEMOD\sugar\JPEGImages/386.jpg;LINEMOD\sugar;281;101;366;259;0
LINEMOD\sugar\JPEGImages/387.jpg;LINEMOD\sugar;276;99;360;258;0
LINEMOD\sugar\JPEGImages/388.jpg;LINEMOD\sugar;272;97;355;255;0
LINEMOD\sugar\JPEGImages/389.jpg;LINEMOD\sugar;270;96;353;255;0
LINEMOD\sugar\JPEGImages/390.jpg;LINEMOD\sugar;268;96;351;254;0
LINEMOD\sugar\JPEGImages/391.jpg;LINEMOD\sugar;266;94;348;252;0
LINEMOD\sugar\JPEGImages/392.jpg;LINEMOD\sugar;266;94;347;252;0
LINEMOD\sugar\JPEGImages/393.jpg;LINEMOD\sugar;265;93;346;252;0
LINEMOD\sugar\JPEGImages/394.jpg;LINEMOD\sugar;264;93;345;251;0
LINEMOD\sugar\JPEGImages/395.jpg;LINEMOD\sugar;263;92;345;251;0
LINEMOD\sugar\JPEGImages/396.jpg;LINEMOD\sugar;263;90;344;249;0
LINEMOD\sugar\JPEGImages/397.jpg;LINEMOD\sugar;264;89;344;248;0
LINEMOD\sugar\JPEGImages/398.jpg;LINEMOD\sugar;265;89;346;248;0
LINEMOD\sugar\JPEGImages/399.jpg;LINEMOD\sugar;266;91;347;249;0
LINEMOD\sugar\JPEGImages/400.jpg;LINEMOD\sugar;265;93;346;250;0
LINEMOD\sugar\JPEGImages/401.jpg;LINEMOD\sugar;266;93;346;250;0
LINEMOD\sugar\JPEGImages/402.jpg;LINEMOD\sugar;266;93;346;250;0
LINEMOD\sugar\JPEGImages/403.jpg;LINEMOD\sugar;265;95;346;253;0
LINEMOD\sugar\JPEGImages/404.jpg;LINEMOD\sugar;266;98;347;256;0
LINEMOD\sugar\JPEGImages/405.jpg;LINEMOD\sugar;269;102;349;259;0
LINEMOD\sugar\JPEGImages/406.jpg;LINEMOD\sugar;272;104;353;261;0
LINEMOD\sugar\JPEGImages/407.jpg;LINEMOD\sugar;273;105;355;261;0
LINEMOD\sugar\JPEGImages/408.jpg;LINEMOD\sugar;274;104;355;261;0
LINEMOD\sugar\JPEGImages/409.jpg;LINEMOD\sugar;274;103;355;260;0
LINEMOD\sugar\JPEGImages/410.jpg;LINEMOD\sugar;274;104;355;259;0
LINEMOD\sugar\JPEGImages/411.jpg;LINEMOD\sugar;273;103;354;259;0
LINEMOD\sugar\JPEGImages/412.jpg;LINEMOD\sugar;272;103;353;258;0
LINEMOD\sugar\JPEGImages/413.jpg;LINEMOD\sugar;271;102;352;258;0
LINEMOD\sugar\JPEGImages/414.jpg;LINEMOD\sugar;271;102;351;257;0
LINEMOD\sugar\JPEGImages/415.jpg;LINEMOD\sugar;271;100;352;256;0
LINEMOD\sugar\JPEGImages/416.jpg;LINEMOD\sugar;272;99;353;256;0
LINEMOD\sugar\JPEGImages/417.jpg;LINEMOD\sugar;273;99;354;256;0
LINEMOD\sugar\JPEGImages/418.jpg;LINEMOD\sugar;274;98;354;255;0
LINEMOD\sugar\JPEGImages/419.jpg;LINEMOD\sugar;274;99;355;255;0
LINEMOD\sugar\JPEGImages/420.jpg;LINEMOD\sugar;275;99;356;256;0
LINEMOD\sugar\JPEGImages/421.jpg;LINEMOD\sugar;276;99;357;256;0
LINEMOD\sugar\JPEGImages/422.jpg;LINEMOD\sugar;274;99;355;255;0
LINEMOD\sugar\JPEGImages/423.jpg;LINEMOD\sugar;274;99;355;255;0
LINEMOD\sugar\JPEGImages/424.jpg;LINEMOD\sugar;275;100;355;256;0
LINEMOD\sugar\JPEGImages/425.jpg;LINEMOD\sugar;275;101;356;257;0
LINEMOD\sugar\JPEGImages/426.jpg;LINEMOD\sugar;277;102;357;258;0
LINEMOD\sugar\JPEGImages/427.jpg;LINEMOD\sugar;277;103;357;259;0
LINEMOD\sugar\JPEGImages/428.jpg;LINEMOD\sugar;277;104;357;260;0
LINEMOD\sugar\JPEGImages/429.jpg;LINEMOD\sugar;278;106;359;261;0
LINEMOD\sugar\JPEGImages/430.jpg;LINEMOD\sugar;279;106;360;261;0
LINEMOD\sugar\JPEGImages/431.jpg;LINEMOD\sugar;280;106;361;261;0
LINEMOD\sugar\JPEGImages/432.jpg;LINEMOD\sugar;279;107;361;261;0
LINEMOD\sugar\JPEGImages/433.jpg;LINEMOD\sugar;279;107;360;261;0
LINEMOD\sugar\JPEGImages/434.jpg;LINEMOD\sugar;278;107;359;261;0
LINEMOD\sugar\JPEGImages/435.jpg;LINEMOD\sugar;279;108;359;262;0
LINEMOD\sugar\JPEGImages/436.jpg;LINEMOD\sugar;280;109;360;262;0
LINEMOD\sugar\JPEGImages/437.jpg;LINEMOD\sugar;281;108;361;261;0
LINEMOD\sugar\JPEGImages/438.jpg;LINEMOD\sugar;279;105;358;258;0
LINEMOD\sugar\JPEGImages/439.jpg;LINEMOD\sugar;277;105;356;258;0
LINEMOD\sugar\JPEGImages/440.jpg;LINEMOD\sugar;276;104;355;257;0
LINEMOD\sugar\JPEGImages/441.jpg;LINEMOD\sugar;275;103;353;256;0
LINEMOD\sugar\JPEGImages/442.jpg;LINEMOD\sugar;274;103;351;256;0
LINEMOD\sugar\JPEGImages/443.jpg;LINEMOD\sugar;273;102;351;256;0
LINEMOD\sugar\JPEGImages/444.jpg;LINEMOD\sugar;271;98;348;253;0
LINEMOD\sugar\JPEGImages/445.jpg;LINEMOD\sugar;269;99;345;253;0
LINEMOD\sugar\JPEGImages/446.jpg;LINEMOD\sugar;267;101;343;255;0
LINEMOD\sugar\JPEGImages/447.jpg;LINEMOD\sugar;266;101;342;255;0
LINEMOD\sugar\JPEGImages/448.jpg;LINEMOD\sugar;265;103;340;256;0
LINEMOD\sugar\JPEGImages/449.jpg;LINEMOD\sugar;262;105;337;258;0
LINEMOD\sugar\JPEGImages/450.jpg;LINEMOD\sugar;261;105;335;259;0
LINEMOD\sugar\JPEGImages/451.jpg;LINEMOD\sugar;259;104;333;258;0
LINEMOD\sugar\JPEGImages/452.jpg;LINEMOD\sugar;257;102;332;256;0
LINEMOD\sugar\JPEGImages/453.jpg;LINEMOD\sugar;256;101;330;257;0
LINEMOD\sugar\JPEGImages/454.jpg;LINEMOD\sugar;256;101;330;256;0
LINEMOD\sugar\JPEGImages/455.jpg;LINEMOD\sugar;254;98;328;255;0
LINEMOD\sugar\JPEGImages/456.jpg;LINEMOD\sugar;253;97;326;254;0
LINEMOD\sugar\JPEGImages/457.jpg;LINEMOD\sugar;252;96;325;253;0
LINEMOD\sugar\JPEGImages/458.jpg;LINEMOD\sugar;251;95;325;253;0
LINEMOD\sugar\JPEGImages/459.jpg;LINEMOD\sugar;251;95;324;252;0
LINEMOD\sugar\JPEGImages/460.jpg;LINEMOD\sugar;250;94;323;252;0
LINEMOD\sugar\JPEGImages/461.jpg;LINEMOD\sugar;247;94;320;252;0
LINEMOD\sugar\JPEGImages/462.jpg;LINEMOD\sugar;245;92;318;251;0
LINEMOD\sugar\JPEGImages/463.jpg;LINEMOD\sugar;243;92;315;251;0
LINEMOD\sugar\JPEGImages/464.jpg;LINEMOD\sugar;241;89;312;249;0
LINEMOD\sugar\JPEGImages/465.jpg;LINEMOD\sugar;240;89;311;249;0
LINEMOD\sugar\JPEGImages/466.jpg;LINEMOD\sugar;238;88;310;248;0
LINEMOD\sugar\JPEGImages/467.jpg;LINEMOD\sugar;236;86;307;247;0
LINEMOD\sugar\JPEGImages/468.jpg;LINEMOD\sugar;235;86;306;247;0
LINEMOD\sugar\JPEGImages/469.jpg;LINEMOD\sugar;234;86;304;246;0
LINEMOD\sugar\JPEGImages/470.jpg;LINEMOD\sugar;233;85;304;246;0
LINEMOD\sugar\JPEGImages/471.jpg;LINEMOD\sugar;232;84;303;245;0
LINEMOD\sugar\JPEGImages/472.jpg;LINEMOD\sugar;231;83;301;244;0
LINEMOD\sugar\JPEGImages/473.jpg;LINEMOD\sugar;230;82;299;244;0
LINEMOD\sugar\JPEGImages/474.jpg;LINEMOD\sugar;229;83;298;244;0
LINEMOD\sugar\JPEGImages/475.jpg;LINEMOD\sugar;231;84;300;245;0
LINEMOD\sugar\JPEGImages/476.jpg;LINEMOD\sugar;234;85;302;245;0
LINEMOD\sugar\JPEGImages/477.jpg;LINEMOD\sugar;236;86;305;246;0
LINEMOD\sugar\JPEGImages/478.jpg;LINEMOD\sugar;235;87;304;247;0
LINEMOD\sugar\JPEGImages/479.jpg;LINEMOD\sugar;235;88;303;248;0
LINEMOD\sugar\JPEGImages/480.jpg;LINEMOD\sugar;235;89;303;249;0
LINEMOD\sugar\JPEGImages/481.jpg;LINEMOD\sugar;234;92;303;251;0
LINEMOD\sugar\JPEGImages/482.jpg;LINEMOD\sugar;234;92;303;251;0
LINEMOD\sugar\JPEGImages/483.jpg;LINEMOD\sugar;232;93;301;252;0
LINEMOD\sugar\JPEGImages/484.jpg;LINEMOD\sugar;234;92;303;252;0
LINEMOD\sugar\JPEGImages/485.jpg;LINEMOD\sugar;236;92;304;251;0
LINEMOD\sugar\JPEGImages/486.jpg;LINEMOD\sugar;236;93;305;252;0
LINEMOD\sugar\JPEGImages/487.jpg;LINEMOD\sugar;239;95;308;254;0
LINEMOD\sugar\JPEGImages/488.jpg;LINEMOD\sugar;241;97;309;255;0
LINEMOD\sugar\JPEGImages/489.jpg;LINEMOD\sugar;245;101;313;258;0
LINEMOD\sugar\JPEGImages/490.jpg;LINEMOD\sugar;247;100;316;257;0
LINEMOD\sugar\JPEGImages/491.jpg;LINEMOD\sugar;246;98;316;256;0
LINEMOD\sugar\JPEGImages/492.jpg;LINEMOD\sugar;243;98;312;255;0
LINEMOD\sugar\JPEGImages/493.jpg;LINEMOD\sugar;244;98;313;256;0
LINEMOD\sugar\JPEGImages/494.jpg;LINEMOD\sugar;245;99;314;257;0
LINEMOD\sugar\JPEGImages/495.jpg;LINEMOD\sugar;245;102;313;259;0
LINEMOD\sugar\JPEGImages/496.jpg;LINEMOD\sugar;245;103;314;259;0
LINEMOD\sugar\JPEGImages/497.jpg;LINEMOD\sugar;245;104;314;260;0
LINEMOD\sugar\JPEGImages/498.jpg;LINEMOD\sugar;245;104;314;260;0
LINEMOD\sugar\JPEGImages/499.jpg;LINEMOD\sugar;245;104;314;260;0
LINEMOD\sugar\JPEGImages/500.jpg;LINEMOD\sugar;246;104;314;260;0
LINEMOD\sugar\JPEGImages/501.jpg;LINEMOD\sugar;245;104;314;260;0
LINEMOD\sugar\JPEGImages/502.jpg;LINEMOD\sugar;245;104;314;260;0
LINEMOD\sugar\JPEGImages/503.jpg;LINEMOD\sugar;245;103;314;260;0
LINEMOD\sugar\JPEGImages/504.jpg;LINEMOD\sugar;247;103;316;259;0
LINEMOD\sugar\JPEGImages/505.jpg;LINEMOD\sugar;247;104;316;260;0
LINEMOD\sugar\JPEGImages/506.jpg;LINEMOD\sugar;248;105;317;260;0
LINEMOD\sugar\JPEGImages/507.jpg;LINEMOD\sugar;250;105;319;260;0
LINEMOD\sugar\JPEGImages/508.jpg;LINEMOD\sugar;250;105;320;260;0
LINEMOD\sugar\JPEGImages/509.jpg;LINEMOD\sugar;251;104;321;260;0
LINEMOD\sugar\JPEGImages/510.jpg;LINEMOD\sugar;252;105;322;260;0
LINEMOD\sugar\JPEGImages/511.jpg;LINEMOD\sugar;254;105;324;261;0
LINEMOD\sugar\JPEGImages/512.jpg;LINEMOD\sugar;256;107;327;262;0
LINEMOD\sugar\JPEGImages/513.jpg;LINEMOD\sugar;257;108;328;263;0
LINEMOD\sugar\JPEGImages/514.jpg;LINEMOD\sugar;258;109;329;264;0
LINEMOD\sugar\JPEGImages/515.jpg;LINEMOD\sugar;259;111;331;265;0
LINEMOD\sugar\JPEGImages/516.jpg;LINEMOD\sugar;259;112;331;266;0
LINEMOD\sugar\JPEGImages/517.jpg;LINEMOD\sugar;259;113;331;267;0
LINEMOD\sugar\JPEGImages/518.jpg;LINEMOD\sugar;258;114;330;268;0
LINEMOD\sugar\JPEGImages/519.jpg;LINEMOD\sugar;257;115;329;269;0
LINEMOD\sugar\JPEGImages/520.jpg;LINEMOD\sugar;257;115;329;269;0
LINEMOD\sugar\JPEGImages/521.jpg;LINEMOD\sugar;257;117;329;271;0
LINEMOD\sugar\JPEGImages/522.jpg;LINEMOD\sugar;257;118;329;271;0
LINEMOD\sugar\JPEGImages/523.jpg;LINEMOD\sugar;256;117;329;271;0
LINEMOD\sugar\JPEGImages/524.jpg;LINEMOD\sugar;256;115;329;269;0
LINEMOD\sugar\JPEGImages/525.jpg;LINEMOD\sugar;256;113;328;268;0
LINEMOD\sugar\JPEGImages/526.jpg;LINEMOD\sugar;257;113;330;267;0
LINEMOD\sugar\JPEGImages/527.jpg;LINEMOD\sugar;256;113;330;268;0
LINEMOD\sugar\JPEGImages/528.jpg;LINEMOD\sugar;254;113;327;268;0
LINEMOD\sugar\JPEGImages/529.jpg;LINEMOD\sugar;252;114;324;269;0
LINEMOD\sugar\JPEGImages/530.jpg;LINEMOD\sugar;250;114;322;270;0
LINEMOD\sugar\JPEGImages/531.jpg;LINEMOD\sugar;248;115;320;270;0
LINEMOD\sugar\JPEGImages/532.jpg;LINEMOD\sugar;246;112;317;268;0
LINEMOD\sugar\JPEGImages/533.jpg;LINEMOD\sugar;244;111;316;266;0
LINEMOD\sugar\JPEGImages/534.jpg;LINEMOD\sugar;242;109;313;266;0
LINEMOD\sugar\JPEGImages/535.jpg;LINEMOD\sugar;240;107;312;265;0
LINEMOD\sugar\JPEGImages/536.jpg;LINEMOD\sugar;241;106;312;264;0
LINEMOD\sugar\JPEGImages/537.jpg;LINEMOD\sugar;243;106;314;264;0
LINEMOD\sugar\JPEGImages/538.jpg;LINEMOD\sugar;246;105;318;264;0
LINEMOD\sugar\JPEGImages/539.jpg;LINEMOD\sugar;245;106;318;265;0
LINEMOD\sugar\JPEGImages/540.jpg;LINEMOD\sugar;246;107;318;266;0
LINEMOD\sugar\JPEGImages/541.jpg;LINEMOD\sugar;245;109;317;268;0
LINEMOD\sugar\JPEGImages/542.jpg;LINEMOD\sugar;245;109;318;268;0
LINEMOD\sugar\JPEGImages/543.jpg;LINEMOD\sugar;245;109;318;268;0
LINEMOD\sugar\JPEGImages/544.jpg;LINEMOD\sugar;244;108;317;267;0
LINEMOD\sugar\JPEGImages/545.jpg;LINEMOD\sugar;244;108;316;267;0
LINEMOD\sugar\JPEGImages/546.jpg;LINEMOD\sugar;246;108;318;267;0
LINEMOD\sugar\JPEGImages/547.jpg;LINEMOD\sugar;250;105;322;265;0
LINEMOD\sugar\JPEGImages/548.jpg;LINEMOD\sugar;250;106;322;264;0
LINEMOD\sugar\JPEGImages/549.jpg;LINEMOD\sugar;253;106;325;265;0
LINEMOD\sugar\JPEGImages/550.jpg;LINEMOD\sugar;255;106;327;264;0
LINEMOD\sugar\JPEGImages/551.jpg;LINEMOD\sugar;255;104;328;263;0
LINEMOD\sugar\JPEGImages/552.jpg;LINEMOD\sugar;255;102;327;262;0
LINEMOD\sugar\JPEGImages/553.jpg;LINEMOD\sugar;255;102;327;262;0
LINEMOD\sugar\JPEGImages/554.jpg;LINEMOD\sugar;256;102;328;262;0
LINEMOD\sugar\JPEGImages/555.jpg;LINEMOD\sugar;258;106;330;266;0
LINEMOD\sugar\JPEGImages/556.jpg;LINEMOD\sugar;258;107;331;267;0
LINEMOD\sugar\JPEGImages/557.jpg;LINEMOD\sugar;259;107;331;267;0
LINEMOD\sugar\JPEGImages/558.jpg;LINEMOD\sugar;259;106;331;266;0
LINEMOD\sugar\JPEGImages/559.jpg;LINEMOD\sugar;261;105;333;265;0
LINEMOD\sugar\JPEGImages/560.jpg;LINEMOD\sugar;262;103;334;264;0
LINEMOD\sugar\JPEGImages/561.jpg;LINEMOD\sugar;259;101;330;261;0
LINEMOD\sugar\JPEGImages/562.jpg;LINEMOD\sugar;256;99;327;260;0
LINEMOD\sugar\JPEGImages/563.jpg;LINEMOD\sugar;253;98;323;259;0
LINEMOD\sugar\JPEGImages/564.jpg;LINEMOD\sugar;252;99;321;260;0
LINEMOD\sugar\JPEGImages/565.jpg;LINEMOD\sugar;252;100;321;261;0
LINEMOD\sugar\JPEGImages/566.jpg;LINEMOD\sugar;252;102;321;261;0
LINEMOD\sugar\JPEGImages/567.jpg;LINEMOD\sugar;249;103;318;262;0
LINEMOD\sugar\JPEGImages/568.jpg;LINEMOD\sugar;249;102;318;262;0
LINEMOD\sugar\JPEGImages/569.jpg;LINEMOD\sugar;249;104;317;263;0
LINEMOD\sugar\JPEGImages/570.jpg;LINEMOD\sugar;249;104;317;263;0
LINEMOD\sugar\JPEGImages/571.jpg;LINEMOD\sugar;248;104;316;263;0
LINEMOD\sugar\JPEGImages/572.jpg;LINEMOD\sugar;248;104;315;263;0
LINEMOD\sugar\JPEGImages/573.jpg;LINEMOD\sugar;247;104;315;263;0
LINEMOD\sugar\JPEGImages/574.jpg;LINEMOD\sugar;247;104;314;262;0
LINEMOD\sugar\JPEGImages/575.jpg;LINEMOD\sugar;244;105;311;263;0
LINEMOD\sugar\JPEGImages/576.jpg;LINEMOD\sugar;243;106;310;264;0
LINEMOD\sugar\JPEGImages/577.jpg;LINEMOD\sugar;242;108;309;266;0
LINEMOD\sugar\JPEGImages/578.jpg;LINEMOD\sugar;240;112;307;269;0
LINEMOD\sugar\JPEGImages/579.jpg;LINEMOD\sugar;240;113;307;270;0
LINEMOD\sugar\JPEGImages/580.jpg;LINEMOD\sugar;240;114;307;270;0
LINEMOD\sugar\JPEGImages/581.jpg;LINEMOD\sugar;242;112;309;269;0
LINEMOD\sugar\JPEGImages/582.jpg;LINEMOD\sugar;243;110;311;267;0
LINEMOD\sugar\JPEGImages/583.jpg;LINEMOD\sugar;243;107;310;266;0
LINEMOD\sugar\JPEGImages/584.jpg;LINEMOD\sugar;242;106;310;265;0
LINEMOD\sugar\JPEGImages/585.jpg;LINEMOD\sugar;244;105;312;264;0
LINEMOD\sugar\JPEGImages/586.jpg;LINEMOD\sugar;243;105;311;264;0
LINEMOD\sugar\JPEGImages/587.jpg;LINEMOD\sugar;239;105;307;264;0
LINEMOD\sugar\JPEGImages/588.jpg;LINEMOD\sugar;238;104;307;264;0
LINEMOD\sugar\JPEGImages/589.jpg;LINEMOD\sugar;236;104;305;264;0
LINEMOD\sugar\JPEGImages/590.jpg;LINEMOD\sugar;234;104;303;265;0
LINEMOD\sugar\JPEGImages/591.jpg;LINEMOD\sugar;232;103;300;264;0
LINEMOD\sugar\JPEGImages/592.jpg;LINEMOD\sugar;224;103;294;264;0
LINEMOD\sugar\JPEGImages/593.jpg;LINEMOD\sugar;221;103;290;264;0
LINEMOD\sugar\JPEGImages/594.jpg;LINEMOD\sugar;216;101;286;262;0
LINEMOD\sugar\JPEGImages/595.jpg;LINEMOD\sugar;210;97;280;259;0
LINEMOD\sugar\JPEGImages/596.jpg;LINEMOD\sugar;208;95;278;257;0
LINEMOD\sugar\JPEGImages/597.jpg;LINEMOD\sugar;207;92;278;254;0
LINEMOD\sugar\JPEGImages/598.jpg;LINEMOD\sugar;202;87;273;250;0
LINEMOD\sugar\JPEGImages/599.jpg;LINEMOD\sugar;199;86;270;248;0
LINEMOD\sugar\JPEGImages/600.jpg;LINEMOD\sugar;196;84;267;247;0
LINEMOD\sugar\JPEGImages/601.jpg;LINEMOD\sugar;193;80;264;244;0
LINEMOD\sugar\JPEGImages/602.jpg;LINEMOD\sugar;190;80;261;244;0
LINEMOD\sugar\JPEGImages/603.jpg;LINEMOD\sugar;187;81;259;246;0
LINEMOD\sugar\JPEGImages/604.jpg;LINEMOD\sugar;185;80;258;245;0
LINEMOD\sugar\JPEGImages/605.jpg;LINEMOD\sugar;186;80;258;244;0
LINEMOD\sugar\JPEGImages/606.jpg;LINEMOD\sugar;184;79;256;244;0
LINEMOD\sugar\JPEGImages/607.jpg;LINEMOD\sugar;180;81;253;245;0
LINEMOD\sugar\JPEGImages/608.jpg;LINEMOD\sugar;180;80;253;245;0
LINEMOD\sugar\JPEGImages/609.jpg;LINEMOD\sugar;181;79;253;244;0
LINEMOD\sugar\JPEGImages/610.jpg;LINEMOD\sugar;178;80;250;245;0
LINEMOD\sugar\JPEGImages/611.jpg;LINEMOD\sugar;178;82;249;246;0
LINEMOD\sugar\JPEGImages/612.jpg;LINEMOD\sugar;180;83;251;247;0
LINEMOD\sugar\JPEGImages/613.jpg;LINEMOD\sugar;184;85;255;250;0
LINEMOD\sugar\JPEGImages/614.jpg;LINEMOD\sugar;185;85;256;249;0
LINEMOD\sugar\JPEGImages/615.jpg;LINEMOD\sugar;185;85;256;248;0
LINEMOD\sugar\JPEGImages/616.jpg;LINEMOD\sugar;187;87;257;250;0
LINEMOD\sugar\JPEGImages/617.jpg;LINEMOD\sugar;190;88;259;251;0
LINEMOD\sugar\JPEGImages/618.jpg;LINEMOD\sugar;190;88;260;251;0
LINEMOD\sugar\JPEGImages/619.jpg;LINEMOD\sugar;190;89;259;251;0
LINEMOD\sugar\JPEGImages/620.jpg;LINEMOD\sugar;190;89;259;251;0
LINEMOD\sugar\JPEGImages/621.jpg;LINEMOD\sugar;194;89;263;251;0
LINEMOD\sugar\JPEGImages/622.jpg;LINEMOD\sugar;196;89;265;251;0
LINEMOD\sugar\JPEGImages/623.jpg;LINEMOD\sugar;198;89;267;252;0
LINEMOD\sugar\JPEGImages/624.jpg;LINEMOD\sugar;200;91;269;253;0
LINEMOD\sugar\JPEGImages/625.jpg;LINEMOD\sugar;200;92;269;254;0
LINEMOD\sugar\JPEGImages/626.jpg;LINEMOD\sugar;201;92;270;254;0
LINEMOD\sugar\JPEGImages/627.jpg;LINEMOD\sugar;202;93;271;255;0
LINEMOD\sugar\JPEGImages/628.jpg;LINEMOD\sugar;202;94;271;255;0
LINEMOD\sugar\JPEGImages/629.jpg;LINEMOD\sugar;201;94;269;255;0
LINEMOD\sugar\JPEGImages/630.jpg;LINEMOD\sugar;194;94;263;255;0
LINEMOD\sugar\JPEGImages/631.jpg;LINEMOD\sugar;193;92;262;254;0
LINEMOD\sugar\JPEGImages/632.jpg;LINEMOD\sugar;190;89;260;252;0
LINEMOD\sugar\JPEGImages/633.jpg;LINEMOD\sugar;185;87;255;250;0
LINEMOD\sugar\JPEGImages/634.jpg;LINEMOD\sugar;181;85;251;249;0
LINEMOD\sugar\JPEGImages/635.jpg;LINEMOD\sugar;177;84;247;249;0
LINEMOD\sugar\JPEGImages/636.jpg;LINEMOD\sugar;176;84;247;248;0
LINEMOD\sugar\JPEGImages/637.jpg;LINEMOD\sugar;175;83;245;248;0
LINEMOD\sugar\JPEGImages/638.jpg;LINEMOD\sugar;169;81;240;245;0
LINEMOD\sugar\JPEGImages/639.jpg;LINEMOD\sugar;166;79;237;244;0
LINEMOD\sugar\JPEGImages/640.jpg;LINEMOD\sugar;164;78;236;243;0
LINEMOD\sugar\JPEGImages/641.jpg;LINEMOD\sugar;162;78;234;244;0
LINEMOD\sugar\JPEGImages/642.jpg;LINEMOD\sugar;162;78;235;244;0
LINEMOD\sugar\JPEGImages/643.jpg;LINEMOD\sugar;163;78;236;244;0
LINEMOD\sugar\JPEGImages/644.jpg;LINEMOD\sugar;159;79;233;245;0
LINEMOD\sugar\JPEGImages/645.jpg;LINEMOD\sugar;159;81;232;248;0
LINEMOD\sugar\JPEGImages/646.jpg;LINEMOD\sugar;159;82;233;249;0
LINEMOD\sugar\JPEGImages/647.jpg;LINEMOD\sugar;164;81;237;248;0
LINEMOD\sugar\JPEGImages/648.jpg;LINEMOD\sugar;165;79;239;247;0
LINEMOD\sugar\JPEGImages/649.jpg;LINEMOD\sugar;166;78;240;246;0
LINEMOD\sugar\JPEGImages/650.jpg;LINEMOD\sugar;169;77;243;246;0
LINEMOD\sugar\JPEGImages/651.jpg;LINEMOD\sugar;172;77;246;245;0
LINEMOD\sugar\JPEGImages/652.jpg;LINEMOD\sugar;175;76;248;245;0
LINEMOD\sugar\JPEGImages/653.jpg;LINEMOD\sugar;178;73;252;242;0
LINEMOD\sugar\JPEGImages/654.jpg;LINEMOD\sugar;179;73;253;242;0
LINEMOD\sugar\JPEGImages/655.jpg;LINEMOD\sugar;181;73;256;242;0
LINEMOD\sugar\JPEGImages/656.jpg;LINEMOD\sugar;182;72;257;243;0
LINEMOD\sugar\JPEGImages/657.jpg;LINEMOD\sugar;182;73;257;243;0
LINEMOD\sugar\JPEGImages/658.jpg;LINEMOD\sugar;182;74;257;244;0
LINEMOD\sugar\JPEGImages/659.jpg;LINEMOD\sugar;184;73;259;243;0
LINEMOD\sugar\JPEGImages/660.jpg;LINEMOD\sugar;186;73;261;243;0
LINEMOD\sugar\JPEGImages/661.jpg;LINEMOD\sugar;187;74;262;243;0
LINEMOD\sugar\JPEGImages/662.jpg;LINEMOD\sugar;188;74;263;244;0
LINEMOD\sugar\JPEGImages/663.jpg;LINEMOD\sugar;190;72;265;243;0
LINEMOD\sugar\JPEGImages/664.jpg;LINEMOD\sugar;192;70;267;241;0
LINEMOD\sugar\JPEGImages/665.jpg;LINEMOD\sugar;193;69;268;241;0
LINEMOD\sugar\JPEGImages/666.jpg;LINEMOD\sugar;194;69;269;240;0
LINEMOD\sugar\JPEGImages/667.jpg;LINEMOD\sugar;197;69;272;241;0
LINEMOD\sugar\JPEGImages/668.jpg;LINEMOD\sugar;199;71;274;241;0
LINEMOD\sugar\JPEGImages/669.jpg;LINEMOD\sugar;200;72;274;242;0
LINEMOD\sugar\JPEGImages/670.jpg;LINEMOD\sugar;200;74;275;244;0
LINEMOD\sugar\JPEGImages/671.jpg;LINEMOD\sugar;200;77;275;247;0
LINEMOD\sugar\JPEGImages/672.jpg;LINEMOD\sugar;199;81;274;251;0
LINEMOD\sugar\JPEGImages/673.jpg;LINEMOD\sugar;198;83;274;252;0
LINEMOD\sugar\JPEGImages/674.jpg;LINEMOD\sugar;194;84;270;254;0
LINEMOD\sugar\JPEGImages/675.jpg;LINEMOD\sugar;192;86;268;255;0
LINEMOD\sugar\JPEGImages/676.jpg;LINEMOD\sugar;189;87;265;257;0
LINEMOD\sugar\JPEGImages/677.jpg;LINEMOD\sugar;188;86;265;255;0
LINEMOD\sugar\JPEGImages/678.jpg;LINEMOD\sugar;190;83;266;253;0
LINEMOD\sugar\JPEGImages/679.jpg;LINEMOD\sugar;190;82;266;252;0
LINEMOD\sugar\JPEGImages/680.jpg;LINEMOD\sugar;188;83;265;253;0
LINEMOD\sugar\JPEGImages/681.jpg;LINEMOD\sugar;188;82;265;252;0
LINEMOD\sugar\JPEGImages/682.jpg;LINEMOD\sugar;188;81;265;252;0
LINEMOD\sugar\JPEGImages/683.jpg;LINEMOD\sugar;183;81;262;252;0
LINEMOD\sugar\JPEGImages/684.jpg;LINEMOD\sugar;183;81;261;252;0
LINEMOD\sugar\JPEGImages/685.jpg;LINEMOD\sugar;182;82;260;253;0
LINEMOD\sugar\JPEGImages/686.jpg;LINEMOD\sugar;180;84;258;254;0
LINEMOD\sugar\JPEGImages/687.jpg;LINEMOD\sugar;176;86;254;256;0
LINEMOD\sugar\JPEGImages/688.jpg;LINEMOD\sugar;171;90;249;259;0
LINEMOD\sugar\JPEGImages/689.jpg;LINEMOD\sugar;170;92;249;260;0
LINEMOD\sugar\JPEGImages/690.jpg;LINEMOD\sugar;169;93;248;261;0
LINEMOD\sugar\JPEGImages/691.jpg;LINEMOD\sugar;166;94;246;262;0
LINEMOD\sugar\JPEGImages/692.jpg;LINEMOD\sugar;169;92;248;261;0
LINEMOD\sugar\JPEGImages/693.jpg;LINEMOD\sugar;172;88;251;258;0
LINEMOD\sugar\JPEGImages/694.jpg;LINEMOD\sugar;172;83;252;254;0
LINEMOD\sugar\JPEGImages/695.jpg;LINEMOD\sugar;169;83;250;255;0
LINEMOD\sugar\JPEGImages/696.jpg;LINEMOD\sugar;168;84;249;256;0
LINEMOD\sugar\JPEGImages/697.jpg;LINEMOD\sugar;169;83;249;255;0
LINEMOD\sugar\JPEGImages/698.jpg;LINEMOD\sugar;166;82;246;255;0
LINEMOD\sugar\JPEGImages/699.jpg;LINEMOD\sugar;158;83;239;257;0
LINEMOD\sugar\JPEGImages/700.jpg;LINEMOD\sugar;143;90;225;261;0
LINEMOD\sugar\JPEGImages/701.jpg;LINEMOD\sugar;139;89;221;261;0
LINEMOD\sugar\JPEGImages/702.jpg;LINEMOD\sugar;137;89;219;259;0
LINEMOD\sugar\JPEGImages/703.jpg;LINEMOD\sugar;131;85;211;256;0
LINEMOD\sugar\JPEGImages/704.jpg;LINEMOD\sugar;124;80;205;251;0
LINEMOD\sugar\JPEGImages/705.jpg;LINEMOD\sugar;123;73;204;244;0
LINEMOD\sugar\JPEGImages/706.jpg;LINEMOD\sugar;124;55;205;227;0
LINEMOD\sugar\JPEGImages/707.jpg;LINEMOD\sugar;126;49;206;222;0
LINEMOD\sugar\JPEGImages/708.jpg;LINEMOD\sugar;123;43;203;216;0
LINEMOD\sugar\JPEGImages/709.jpg;LINEMOD\sugar;124;40;204;214;0
LINEMOD\sugar\JPEGImages/710.jpg;LINEMOD\sugar;129;38;208;211;0
LINEMOD\sugar\JPEGImages/711.jpg;LINEMOD\sugar;129;38;207;211;0
LINEMOD\sugar\JPEGImages/712.jpg;LINEMOD\sugar;127;39;205;212;0
LINEMOD\sugar\JPEGImages/713.jpg;LINEMOD\sugar;125;38;205;212;0
LINEMOD\sugar\JPEGImages/714.jpg;LINEMOD\sugar;130;39;209;213;0
LINEMOD\sugar\JPEGImages/715.jpg;LINEMOD\sugar;130;41;209;214;0
LINEMOD\sugar\JPEGImages/716.jpg;LINEMOD\sugar;129;42;208;216;0
LINEMOD\sugar\JPEGImages/717.jpg;LINEMOD\sugar;131;43;210;216;0
LINEMOD\sugar\JPEGImages/718.jpg;LINEMOD\sugar;135;41;213;215;0
LINEMOD\sugar\JPEGImages/719.jpg;LINEMOD\sugar;135;41;214;214;0
LINEMOD\sugar\JPEGImages/720.jpg;LINEMOD\sugar;139;43;217;215;0
LINEMOD\sugar\JPEGImages/721.jpg;LINEMOD\sugar;142;42;219;215;0
LINEMOD\sugar\JPEGImages/722.jpg;LINEMOD\sugar;144;42;222;214;0
LINEMOD\sugar\JPEGImages/723.jpg;LINEMOD\sugar;143;44;221;216;0
LINEMOD\sugar\JPEGImages/724.jpg;LINEMOD\sugar;143;45;222;217;0
LINEMOD\sugar\JPEGImages/725.jpg;LINEMOD\sugar;145;44;224;215;0
LINEMOD\sugar\JPEGImages/726.jpg;LINEMOD\sugar;144;47;223;218;0
LINEMOD\sugar\JPEGImages/727.jpg;LINEMOD\sugar;144;47;223;219;0
LINEMOD\sugar\JPEGImages/728.jpg;LINEMOD\sugar;134;50;215;222;0
LINEMOD\sugar\JPEGImages/729.jpg;LINEMOD\sugar;136;51;217;223;0
LINEMOD\sugar\JPEGImages/730.jpg;LINEMOD\sugar;143;51;221;223;0
LINEMOD\sugar\JPEGImages/731.jpg;LINEMOD\sugar;147;49;224;222;0
LINEMOD\sugar\JPEGImages/732.jpg;LINEMOD\sugar;146;50;224;223;0
LINEMOD\sugar\JPEGImages/733.jpg;LINEMOD\sugar;146;52;224;225;0
LINEMOD\sugar\JPEGImages/734.jpg;LINEMOD\sugar;154;51;231;224;0
LINEMOD\sugar\JPEGImages/735.jpg;LINEMOD\sugar;159;50;235;223;0
LINEMOD\sugar\JPEGImages/736.jpg;LINEMOD\sugar;162;51;237;224;0
LINEMOD\sugar\JPEGImages/737.jpg;LINEMOD\sugar;167;55;243;226;0
LINEMOD\sugar\JPEGImages/738.jpg;LINEMOD\sugar;173;57;247;228;0
LINEMOD\sugar\JPEGImages/739.jpg;LINEMOD\sugar;176;60;250;231;0
LINEMOD\sugar\JPEGImages/740.jpg;LINEMOD\sugar;182;62;256;234;0
LINEMOD\sugar\JPEGImages/741.jpg;LINEMOD\sugar;182;62;256;235;0
LINEMOD\sugar\JPEGImages/742.jpg;LINEMOD\sugar;182;64;256;237;0
LINEMOD\sugar\JPEGImages/743.jpg;LINEMOD\sugar;181;64;255;237;0
LINEMOD\sugar\JPEGImages/744.jpg;LINEMOD\sugar;182;63;256;236;0
LINEMOD\sugar\JPEGImages/745.jpg;LINEMOD\sugar;182;62;256;236;0
LINEMOD\sugar\JPEGImages/746.jpg;LINEMOD\sugar;181;62;256;235;0
LINEMOD\sugar\JPEGImages/747.jpg;LINEMOD\sugar;182;61;256;234;0
LINEMOD\sugar\JPEGImages/748.jpg;LINEMOD\sugar;180;59;254;232;0
LINEMOD\sugar\JPEGImages/749.jpg;LINEMOD\sugar;179;57;254;231;0
LINEMOD\sugar\JPEGImages/750.jpg;LINEMOD\sugar;179;57;254;230;0
LINEMOD\sugar\JPEGImages/751.jpg;LINEMOD\sugar;180;54;256;226;0
LINEMOD\sugar\JPEGImages/752.jpg;LINEMOD\sugar;181;50;256;224;0
LINEMOD\sugar\JPEGImages/753.jpg;LINEMOD\sugar;177;47;252;221;0
LINEMOD\sugar\JPEGImages/754.jpg;LINEMOD\sugar;173;48;248;222;0
LINEMOD\sugar\JPEGImages/755.jpg;LINEMOD\sugar;170;45;245;220;0
LINEMOD\sugar\JPEGImages/756.jpg;LINEMOD\sugar;166;46;242;220;0
LINEMOD\sugar\JPEGImages/757.jpg;LINEMOD\sugar;166;45;241;220;0
LINEMOD\sugar\JPEGImages/758.jpg;LINEMOD\sugar;166;48;241;221;0
LINEMOD\sugar\JPEGImages/759.jpg;LINEMOD\sugar;169;49;244;222;0
LINEMOD\sugar\JPEGImages/760.jpg;LINEMOD\sugar;173;42;249;217;0
LINEMOD\sugar\JPEGImages/761.jpg;LINEMOD\sugar;175;43;250;216;0
LINEMOD\sugar\JPEGImages/762.jpg;LINEMOD\sugar;178;44;253;217;0
LINEMOD\sugar\JPEGImages/763.jpg;LINEMOD\sugar;184;42;259;217;0
LINEMOD\sugar\JPEGImages/764.jpg;LINEMOD\sugar;185;43;261;218;0
LINEMOD\sugar\JPEGImages/765.jpg;LINEMOD\sugar;193;45;268;220;0
LINEMOD\sugar\JPEGImages/766.jpg;LINEMOD\sugar;193;47;268;222;0
LINEMOD\sugar\JPEGImages/767.jpg;LINEMOD\sugar;193;51;268;226;0
LINEMOD\sugar\JPEGImages/768.jpg;LINEMOD\sugar;194;57;270;232;0
LINEMOD\sugar\JPEGImages/769.jpg;LINEMOD\sugar;197;57;272;231;0
LINEMOD\sugar\JPEGImages/770.jpg;LINEMOD\sugar;198;60;274;235;0
LINEMOD\sugar\JPEGImages/771.jpg;LINEMOD\sugar;199;61;274;237;0
LINEMOD\sugar\JPEGImages/772.jpg;LINEMOD\sugar;201;62;277;238;0
LINEMOD\sugar\JPEGImages/773.jpg;LINEMOD\sugar;208;60;283;236;0
LINEMOD\sugar\JPEGImages/774.jpg;LINEMOD\sugar;210;62;285;238;0
LINEMOD\sugar\JPEGImages/775.jpg;LINEMOD\sugar;212;64;287;239;0
LINEMOD\sugar\JPEGImages/776.jpg;LINEMOD\sugar;220;65;293;239;0
LINEMOD\sugar\JPEGImages/777.jpg;LINEMOD\sugar;220;68;294;242;0
LINEMOD\sugar\JPEGImages/778.jpg;LINEMOD\sugar;221;72;295;245;0
LINEMOD\sugar\JPEGImages/779.jpg;LINEMOD\sugar;224;76;297;249;0
LINEMOD\sugar\JPEGImages/780.jpg;LINEMOD\sugar;222;76;296;249;0
LINEMOD\sugar\JPEGImages/781.jpg;LINEMOD\sugar;221;76;294;249;0
LINEMOD\sugar\JPEGImages/782.jpg;LINEMOD\sugar;220;78;293;251;0
LINEMOD\sugar\JPEGImages/783.jpg;LINEMOD\sugar;220;79;293;252;0
LINEMOD\sugar\JPEGImages/784.jpg;LINEMOD\sugar;219;79;293;253;0
LINEMOD\sugar\JPEGImages/785.jpg;LINEMOD\sugar;217;83;292;256;0
LINEMOD\sugar\JPEGImages/786.jpg;LINEMOD\sugar;218;84;294;257;0
LINEMOD\sugar\JPEGImages/787.jpg;LINEMOD\sugar;224;84;299;258;0
LINEMOD\sugar\JPEGImages/788.jpg;LINEMOD\sugar;227;85;301;258;0
LINEMOD\sugar\JPEGImages/789.jpg;LINEMOD\sugar;228;84;302;259;0
LINEMOD\sugar\JPEGImages/790.jpg;LINEMOD\sugar;229;84;303;259;0
LINEMOD\sugar\JPEGImages/791.jpg;LINEMOD\sugar;230;84;305;259;0
LINEMOD\sugar\JPEGImages/792.jpg;LINEMOD\sugar;238;80;312;257;0
LINEMOD\sugar\JPEGImages/793.jpg;LINEMOD\sugar;240;79;315;256;0
LINEMOD\sugar\JPEGImages/794.jpg;LINEMOD\sugar;246;77;320;255;0
LINEMOD\sugar\JPEGImages/795.jpg;LINEMOD\sugar;249;75;324;254;0
LINEMOD\sugar\JPEGImages/796.jpg;LINEMOD\sugar;255;74;330;252;0
LINEMOD\sugar\JPEGImages/797.jpg;LINEMOD\sugar;262;74;336;253;0
LINEMOD\sugar\JPEGImages/798.jpg;LINEMOD\sugar;262;74;337;254;0
LINEMOD\sugar\JPEGImages/799.jpg;LINEMOD\sugar;263;74;337;254;0
LINEMOD\sugar\JPEGImages/800.jpg;LINEMOD\sugar;269;69;344;251;0
LINEMOD\sugar\JPEGImages/801.jpg;LINEMOD\sugar;273;66;349;249;0
LINEMOD\sugar\JPEGImages/802.jpg;LINEMOD\sugar;276;63;352;248;0
LINEMOD\sugar\JPEGImages/803.jpg;LINEMOD\sugar;274;64;351;251;0
LINEMOD\sugar\JPEGImages/804.jpg;LINEMOD\sugar;275;63;352;249;0
LINEMOD\sugar\JPEGImages/805.jpg;LINEMOD\sugar;277;60;355;249;0
LINEMOD\sugar\JPEGImages/806.jpg;LINEMOD\sugar;283;58;361;248;0
LINEMOD\sugar\JPEGImages/807.jpg;LINEMOD\sugar;289;57;368;248;0
LINEMOD\sugar\JPEGImages/808.jpg;LINEMOD\sugar;297;53;377;245;0
LINEMOD\sugar\JPEGImages/809.jpg;LINEMOD\sugar;313;45;393;239;0
LINEMOD\sugar\JPEGImages/810.jpg;LINEMOD\sugar;313;47;394;241;0
LINEMOD\sugar\JPEGImages/811.jpg;LINEMOD\sugar;312;49;394;244;0
LINEMOD\sugar\JPEGImages/812.jpg;LINEMOD\sugar;314;49;396;243;0
LINEMOD\sugar\JPEGImages/813.jpg;LINEMOD\sugar;313;47;396;243;0
LINEMOD\sugar\JPEGImages/814.jpg;LINEMOD\sugar;313;46;396;243;0
LINEMOD\sugar\JPEGImages/815.jpg;LINEMOD\sugar;314;45;396;241;0
LINEMOD\sugar\JPEGImages/816.jpg;LINEMOD\sugar;315;43;398;240;0
LINEMOD\sugar\JPEGImages/817.jpg;LINEMOD\sugar;324;39;408;238;0
LINEMOD\sugar\JPEGImages/818.jpg;LINEMOD\sugar;330;37;415;237;0
LINEMOD\sugar\JPEGImages/819.jpg;LINEMOD\sugar;335;37;420;238;0
LINEMOD\sugar\JPEGImages/820.jpg;LINEMOD\sugar;338;37;424;239;0
LINEMOD\sugar\JPEGImages/821.jpg;LINEMOD\sugar;338;39;425;240;0
LINEMOD\sugar\JPEGImages/822.jpg;LINEMOD\sugar;338;40;425;242;0
LINEMOD\sugar\JPEGImages/823.jpg;LINEMOD\sugar;341;40;428;242;0
LINEMOD\sugar\JPEGImages/824.jpg;LINEMOD\sugar;343;40;432;241;0
LINEMOD\sugar\JPEGImages/825.jpg;LINEMOD\sugar;346;37;436;240;0
LINEMOD\sugar\JPEGImages/826.jpg;LINEMOD\sugar;347;31;438;235;0
LINEMOD\sugar\JPEGImages/827.jpg;LINEMOD\sugar;347;27;438;231;0
LINEMOD\sugar\JPEGImages/828.jpg;LINEMOD\sugar;346;24;437;228;0
LINEMOD\sugar\JPEGImages/829.jpg;LINEMOD\sugar;346;21;435;225;0
LINEMOD\sugar\JPEGImages/830.jpg;LINEMOD\sugar;347;12;435;217;0
LINEMOD\sugar\JPEGImages/831.jpg;LINEMOD\sugar;346;7;435;214;0
LINEMOD\sugar\JPEGImages/832.jpg;LINEMOD\sugar;346;4;435;211;0
LINEMOD\sugar\JPEGImages/833.jpg;LINEMOD\sugar;346;1;435;209;0
LINEMOD\sugar\JPEGImages/834.jpg;LINEMOD\sugar;348;0;438;209;0
LINEMOD\sugar\JPEGImages/835.jpg;LINEMOD\sugar;349;0;441;209;0
LINEMOD\sugar\JPEGImages/836.jpg;LINEMOD\sugar;349;3;441;213;0
LINEMOD\sugar\JPEGImages/837.jpg;LINEMOD\sugar;351;5;444;216;0
LINEMOD\sugar\JPEGImages/838.jpg;LINEMOD\sugar;351;8;444;219;0
LINEMOD\sugar\JPEGImages/839.jpg;LINEMOD\sugar;352;14;444;224;0
LINEMOD\sugar\JPEGImages/840.jpg;LINEMOD\sugar;352;16;444;225;0
LINEMOD\sugar\JPEGImages/841.jpg;LINEMOD\sugar;352;19;445;228;0
LINEMOD\sugar\JPEGImages/842.jpg;LINEMOD\sugar;354;23;447;231;0
LINEMOD\sugar\JPEGImages/843.jpg;LINEMOD\sugar;354;24;447;232;0
LINEMOD\sugar\JPEGImages/844.jpg;LINEMOD\sugar;352;32;445;238;0
LINEMOD\sugar\JPEGImages/845.jpg;LINEMOD\sugar;351;36;444;240;0
LINEMOD\sugar\JPEGImages/846.jpg;LINEMOD\sugar;351;38;444;243;0
LINEMOD\sugar\JPEGImages/847.jpg;LINEMOD\sugar;351;41;444;245;0
LINEMOD\sugar\JPEGImages/848.jpg;LINEMOD\sugar;351;42;442;246;0
LINEMOD\sugar\JPEGImages/849.jpg;LINEMOD\sugar;349;45;441;248;0
LINEMOD\sugar\JPEGImages/850.jpg;LINEMOD\sugar;351;45;444;249;0
LINEMOD\sugar\JPEGImages/851.jpg;LINEMOD\sugar;353;46;445;249;0
LINEMOD\sugar\JPEGImages/852.jpg;LINEMOD\sugar;354;46;447;250;0
LINEMOD\sugar\JPEGImages/853.jpg;LINEMOD\sugar;354;49;449;253;0
LINEMOD\sugar\JPEGImages/854.jpg;LINEMOD\sugar;356;51;452;255;0
LINEMOD\sugar\JPEGImages/855.jpg;LINEMOD\sugar;358;54;456;257;0
LINEMOD\sugar\JPEGImages/856.jpg;LINEMOD\sugar;359;56;458;259;0
LINEMOD\sugar\JPEGImages/857.jpg;LINEMOD\sugar;357;56;454;259;0
LINEMOD\sugar\JPEGImages/858.jpg;LINEMOD\sugar;355;58;450;260;0
LINEMOD\sugar\JPEGImages/859.jpg;LINEMOD\sugar;352;59;446;262;0
LINEMOD\sugar\JPEGImages/860.jpg;LINEMOD\sugar;350;58;444;261;0
LINEMOD\sugar\JPEGImages/861.jpg;LINEMOD\sugar;349;57;444;260;0
LINEMOD\sugar\JPEGImages/862.jpg;LINEMOD\sugar;351;54;445;258;0
LINEMOD\sugar\JPEGImages/863.jpg;LINEMOD\sugar;352;52;446;255;0
LINEMOD\sugar\JPEGImages/864.jpg;LINEMOD\sugar;354;50;448;253;0
LINEMOD\sugar\JPEGImages/865.jpg;LINEMOD\sugar;356;49;449;252;0
LINEMOD\sugar\JPEGImages/866.jpg;LINEMOD\sugar;359;46;453;249;0
LINEMOD\sugar\JPEGImages/867.jpg;LINEMOD\sugar;366;43;461;247;0
LINEMOD\sugar\JPEGImages/868.jpg;LINEMOD\sugar;367;41;464;245;0
LINEMOD\sugar\JPEGImages/869.jpg;LINEMOD\sugar;368;40;464;244;0
LINEMOD\sugar\JPEGImages/870.jpg;LINEMOD\sugar;365;42;461;244;0
LINEMOD\sugar\JPEGImages/871.jpg;LINEMOD\sugar;364;40;459;242;0
LINEMOD\sugar\JPEGImages/872.jpg;LINEMOD\sugar;362;39;456;241;0
LINEMOD\sugar\JPEGImages/873.jpg;LINEMOD\sugar;358;40;453;240;0
LINEMOD\sugar\JPEGImages/874.jpg;LINEMOD\sugar;356;40;453;240;0
LINEMOD\sugar\JPEGImages/875.jpg;LINEMOD\sugar;356;41;452;240;0
LINEMOD\sugar\JPEGImages/876.jpg;LINEMOD\sugar;356;43;452;241;0
